results_dir,model,patient,rmse,mae,mape,rmse_train,rmse_test,mae_train,mae_test,insulin_rmse,insulin_mae,insulin_rmse_test,digestion_rmse,digestion_mae,digestion_rmse_test
results/birnn_forward/Pat5_20251128_130938,birnn,5,2.5159549713134766,1.2397905588150024,1.373253345489502,1.8383548259735107,5.734488010406494,0.8185210824012756,5.031215190887451,0.0015818517422303557,0.0010983252432197332,0.0027749130968004465,0.5589040517807007,0.39148738980293274,0.7990315556526184
